Datetime,Water Level (m)
2025-12-16 06:00:00,-0.474448
2025-12-16 07:00:00,-0.68112195
2025-12-16 08:00:00,-0.8606273
2025-12-16 09:00:00,-0.96078366
2025-12-16 10:00:00,-0.8826749
2025-12-16 11:00:00,-0.46774882
2025-12-16 12:00:00,0.0063982266
2025-12-16 13:00:00,0.37608093
2025-12-16 14:00:00,0.597126
2025-12-16 15:00:00,0.6294552
2025-12-16 16:00:00,0.48537192
2025-12-16 17:00:00,0.19178338
2025-12-16 18:00:00,-0.118948124
2025-12-16 19:00:00,-0.36602092
2025-12-16 20:00:00,-0.57140064
2025-12-16 21:00:00,-0.7264249
2025-12-16 22:00:00,-0.79892564
2025-12-16 23:00:00,-0.7172024
2025-12-17 00:00:00,-0.3737509
2025-12-17 01:00:00,0.013298218
2025-12-17 02:00:00,0.2533169
2025-12-17 03:00:00,0.3264551
2025-12-17 04:00:00,0.22340788
2025-12-17 05:00:00,-0.0522761
2025-12-17 06:00:00,-0.36255103
2025-12-17 07:00:00,-0.61715037
2025-12-17 08:00:00,-0.8286555
2025-12-17 09:00:00,-0.98421717
2025-12-17 10:00:00,-1.0363072
2025-12-17 11:00:00,-0.7829204
2025-12-17 12:00:00,-0.333159
2025-12-17 13:00:00,0.124062635
2025-12-17 14:00:00,0.45082146
2025-12-17 15:00:00,0.64828485
2025-12-17 16:00:00,0.66537446
2025-12-17 17:00:00,0.49915183
2025-12-17 18:00:00,0.17151181
2025-12-17 19:00:00,-0.17004763
2025-12-17 20:00:00,-0.44235542
2025-12-17 21:00:00,-0.66350704
2025-12-17 22:00:00,-0.8334622
2025-12-17 23:00:00,-0.90621716
2025-12-18 00:00:00,-0.73486453
2025-12-18 01:00:00,-0.28660312
2025-12-18 02:00:00,0.14097065
2025-12-18 03:00:00,0.34453827
2025-12-18 04:00:00,0.36320978
2025-12-18 05:00:00,0.18032956
2025-12-18 06:00:00,-0.14306659
2025-12-18 07:00:00,-0.45448524
2025-12-18 08:00:00,-0.69582206
2025-12-18 09:00:00,-0.89703375
2025-12-18 10:00:00,-1.0381536
2025-12-18 11:00:00,-1.0283186
2025-12-18 12:00:00,-0.65299165
2025-12-18 13:00:00,-0.17113715
2025-12-18 14:00:00,0.2852839
2025-12-18 15:00:00,0.61286455
2025-12-18 16:00:00,0.780434
2025-12-18 17:00:00,0.7444812
2025-12-18 18:00:00,0.47696018
2025-12-18 19:00:00,0.08013172
2025-12-18 20:00:00,-0.2552754
2025-12-18 21:00:00,-0.51613146
2025-12-18 22:00:00,-0.7311693
2025-12-18 23:00:00,-0.87916666
2025-12-19 00:00:00,-0.8992709
2025-12-19 01:00:00,-0.5586009
2025-12-19 02:00:00,-0.0755087
2025-12-19 03:00:00,0.30955967
2025-12-19 04:00:00,0.46384162
2025-12-19 05:00:00,0.40821257
2025-12-19 06:00:00,0.12893422
2025-12-19 07:00:00,-0.22847572
2025-12-19 08:00:00,-0.5251196
2025-12-19 09:00:00,-0.75906837
2025-12-19 10:00:00,-0.9502886
2025-12-19 11:00:00,-1.0669329
2025-12-19 12:00:00,-0.95601827
2025-12-19 13:00:00,-0.47732988
2025-12-19 14:00:00,0.04949875
2025-12-19 15:00:00,0.4852622
2025-12-19 16:00:00,0.7975074
2025-12-19 17:00:00,0.8993687
2025-12-19 18:00:00,0.7543722
2025-12-19 19:00:00,0.3811211
2025-12-19 20:00:00,-0.03179793
2025-12-19 21:00:00,-0.33890426
2025-12-19 22:00:00,-0.59270513
2025-12-19 23:00:00,-0.80135936
2025-12-20 00:00:00,-0.9281918
2025-12-20 01:00:00,-0.84709287
2025-12-20 02:00:00,-0.3634565
2025-12-20 03:00:00,0.13042784
2025-12-20 04:00:00,0.4268475
2025-12-20 05:00:00,0.50865453
2025-12-20 06:00:00,0.35402244
2025-12-20 07:00:00,0.005290345
2025-12-20 08:00:00,-0.34535363
2025-12-20 09:00:00,-0.6127637
2025-12-20 10:00:00,-0.83711207
2025-12-20 11:00:00,-1.012615
2025-12-20 12:00:00,-1.0838526
2025-12-20 13:00:00,-0.81375235
2025-12-20 14:00:00,-0.29934955
2025-12-20 15:00:00,0.24076831
2025-12-20 16:00:00,0.6540413
2025-12-20 17:00:00,0.9070443
2025-12-20 18:00:00,0.9200711
2025-12-20 19:00:00,0.6375296
2025-12-20 20:00:00,0.19334862
2025-12-20 21:00:00,-0.18676896
2025-12-20 22:00:00,-0.4712967
2025-12-20 23:00:00,-0.71368724
2025-12-21 00:00:00,-0.90271944
2025-12-21 01:00:00,-0.9842742
2025-12-21 02:00:00,-0.73136157
2025-12-21 03:00:00,-0.20712343
2025-12-21 04:00:00,0.27427778
2025-12-21 05:00:00,0.49759188
2025-12-21 06:00:00,0.49906316
2025-12-21 07:00:00,0.24155457
2025-12-21 08:00:00,-0.14194457
2025-12-21 09:00:00,-0.46491948
2025-12-21 10:00:00,-0.71225697
2025-12-21 11:00:00,-0.9237943
2025-12-21 12:00:00,-1.0746052
2025-12-21 13:00:00,-1.069504
2025-12-21 14:00:00,-0.6411972
2025-12-21 15:00:00,-0.10667467
2025-12-21 16:00:00,0.4169551
2025-12-21 17:00:00,0.7983549
2025-12-21 18:00:00,0.9685832
2025-12-21 19:00:00,0.85214126
2025-12-21 20:00:00,0.45719033
2025-12-21 21:00:00,-0.0020005486
2025-12-21 22:00:00,-0.33577046
2025-12-21 23:00:00,-0.6041687
2025-12-22 00:00:00,-0.83034927
2025-12-22 01:00:00,-0.9794365
2025-12-22 02:00:00,-0.958157
2025-12-22 03:00:00,-0.5026624
2025-12-22 04:00:00,0.011831537
2025-12-22 05:00:00,0.38751712
2025-12-22 06:00:00,0.5332136
